REPORT_DATE,SECUCODE,INDUSTRY_NAME,SECURITY_NAME_ABBR,TOTAL_ASSETS,FIXED_ASSET,MONETARYFUNDS,ACCOUNTS_RECE,INVENTORY,TOTAL_LIABILITIES,ACCOUNTS_PAYABLE,ADVANCE_RECEIVABLES,TOTAL_EQUITY,DEBT_ASSET_RATIO,PARENT_NETPROFIT,DEDUCT_PARENT_NETPROFIT,TOTAL_OPERATE_INCOME,OPERATE_EXPENSE,SALE_EXPENSE,MANAGE_EXPENSE,FINANCE_EXPENSE,TOTAL_OPERATE_COST,OPERATE_PROFIT,TOTAL_PROFIT,CCE_ADD,NETCASH_OPERATE,SALES_SERVICES,PAY_STAFF_CASH,NETCASH_INVEST,RECEIVE_INVEST_INCOME,CONSTRUCT_LONG_ASSET,NETCASH_FINANCE
16057,000004.SZ,软件开发,ST国华,11.11,244.70,16944.81,37060.24,2060.42,1.62,5499.80,0.00,9.48,14.62,-50910.73,-52120.33,28894.42,12693.63,3428.21,2028.46,-203.13,21504.33,-49999.09,-50219.47,-1571.77,310.15,32362.67,7365.94,-1080.70,63.37,135.63,-801.22
16057,000503.SZ,软件开发,国新健康,11.92,1095.39,35288.61,7708.45,0.51,4.05,430.58,0.20,7.87,33.97,-17582.18,-18931.54,25251.50,21868.60,2484.32,12419.33,96.99,38676.28,-17639.67,-17691.91,-14597.04,-10482.13,24515.90,26329.59,-5164.96,0.00,2312.76,1493.58
16057,000638.SZ,软件开发,*ST万方,5.60,4342.02,12294.68,5517.59,17198.41,3.16,1686.93,0.00,2.44,56.43,6281.95,801.65,32702.50,22944.31,1578.47,3473.01,467.10,29239.96,8760.45,8910.99,9641.19,-5277.71,29634.70,8931.22,6594.70,0.00,3501.23,8324.19
16057,000948.SZ,软件开发,南天信息,71.65,21694.17,199650.98,108222.53,242843.77,47.80,88512.52,127.67,23.85,66.71,8693.34,8301.62,559270.90,468113.50,22722.38,16636.08,1257.19,545953.18,12691.48,12637.19,14234.01,-15319.10,621282.38,114358.39,-14718.86,781.34,12088.92,44287.36
16057,002063.SZ,软件开发,远光软件,34.88,17011.92,25784.40,112448.80,3367.45,4.82,27517.08,0.00,30.07,13.81,30538.75,28437.78,191526.28,78690.02,18665.15,18369.13,-539.25,158349.65,34175.46,34048.85,2195.43,2184.65,164325.75,93125.05,6567.05,2521.19,6170.85,-6553.66
16057,002065.SZ,软件开发,东华软件,210.71,30613.30,266432.60,607858.39,728111.92,99.64,197132.61,0.00,111.07,47.29,45952.43,41846.67,1088428.86,835884.94,42543.75,77490.07,11463.42,1042801.45,38230.89,38288.01,16337.74,61427.45,1185756.73,185625.92,-31476.07,495.00,21268.72,-13492.36
16057,002072.SZ,软件开发,*ST凯瑞,0.90,0.00,8242.81,56.19,301.96,0.27,0.00,0.00,0.64,29.43,854.72,408.95,12716.55,9586.99,71.93,1369.03,1168.47,12268.73,11152.63,1327.62,6446.66,-8978.41,14089.88,186.94,9266.46,6.49,0.00,6158.62
16057,002153.SZ,软件开发,石基信息,105.03,38744.44,504663.81,62906.04,35712.84,16.33,27104.34,0.00,88.70,15.54,-47846.90,-50101.21,321469.89,197398.77,28434.86,69950.71,-12923.81,326382.32,-37183.10,-35485.45,-47633.27,21588.46,359798.76,113185.66,-73069.32,10055.05,37436.94,12763.34
16057,002178.SZ,软件开发,延华智能,17.70,8595.11,39285.37,35281.22,6814.99,10.34,58048.35,0.00,7.36,58.42,900.32,-1051.64,81712.98,65833.65,1621.19,8214.88,599.66,82444.35,1517.69,835.41,3763.26,4388.34,81613.65,14940.23,-44.45,458.31,3680.28,-578.91
16057,002212.SZ,软件开发,天融信,115.96,22824.21,91410.74,199799.08,50904.30,21.17,95090.90,800.00,94.79,18.26,22999.69,15392.12,335156.64,136044.56,71884.26,33732.59,-788.68,324662.58,27999.40,26097.59,-47623.10,16973.17,313133.61,116570.63,-9889.12,1559.39,51856.32,-54707.16
16057,002230.SZ,软件开发,科大讯飞,313.94,252265.89,586993.45,748590.72,243395.85,140.57,385280.12,0.00,173.37,44.78,155646.39,97873.95,1831360.56,1078034.85,269284.44,110175.96,-1043.20,1751543.29,146443.55,149668.76,68691.19,89307.54,1716160.63,358074.11,-257929.47,1605.83,208190.17,237878.58
16057,002253.SZ,软件开发,川大智胜,18.06,41742.45,10591.97,17130.25,23216.15,3.15,7751.68,0.00,14.91,17.46,2520.92,906.03,30135.16,21277.64,1826.75,2280.95,61.52,29501.92,2669.32,2599.62,-7724.99,2914.27,34783.34,6390.24,-10867.54,0.00,10594.20,228.28
16057,002261.SZ,软件开发,拓维信息,48.59,15401.15,95497.54,39954.46,55002.17,12.26,16850.07,0.00,36.32,25.24,8252.99,2556.20,223030.06,152241.05,18373.00,24318.00,446.17,214013.43,12475.54,12162.94,39673.72,16788.90,257696.39,67692.82,-69328.78,212.96,16243.96,92280.02
16057,002268.SZ,软件开发,卫士通,70.66,30656.97,265817.97,79361.02,96847.56,20.19,100658.55,0.00,50.47,28.57,23804.81,16988.97,278896.80,173132.66,33331.53,16846.98,-1135.11,251669.87,23713.62,24300.57,68193.42,68086.63,406011.70,62784.28,-6111.42,1137.00,9175.93,6218.21
16057,002279.SZ,软件开发,久其软件,26.30,18942.59,69151.76,43715.67,9542.53,16.51,17016.04,265.58,9.79,62.79,-13171.60,-14157.12,270860.56,186066.77,7736.23,41412.87,3739.22,265968.18,-13410.04,-13374.35,3670.84,20211.88,276842.24,59035.51,-12500.00,762.91,2652.23,-3755.25
16057,002280.SZ,软件开发,联络互动,107.50,48406.99,121832.91,81920.87,156279.79,86.40,175429.49,255.46,21.11,80.37,-39550.99,-38911.33,1654870.11,1409321.43,140231.40,62640.78,24185.59,1648596.77,-25008.48,-34370.91,-3186.66,-9233.63,1797394.87,89407.46,22301.31,564.13,12871.82,-14376.28
16057,002298.SZ,软件开发,中电兴发,80.02,42945.38,61230.95,164611.66,57159.83,27.75,112409.13,568.03,52.26,34.68,20565.08,19030.42,277061.16,171871.59,36620.04,20214.71,4155.87,249259.85,23290.48,23286.82,-2889.06,-2253.14,200900.75,45085.72,-17852.48,860.28,21826.44,17218.95
16057,002322.SZ,软件开发,理工能科,33.49,42198.69,47567.21,36892.36,19625.59,4.26,15909.00,0.00,29.23,12.72,7105.02,5088.15,111209.16,44311.11,12814.36,11502.70,-250.42,85184.94,11457.16,11145.04,9209.71,33314.66,118166.76,31342.67,14567.79,3736.76,4080.64,-38675.58
16057,002362.SZ,软件开发,汉王科技,21.93,19696.12,47234.68,14632.30,54696.41,4.30,16655.16,0.00,17.63,19.60,5409.49,4475.26,161326.12,81656.41,39151.16,13476.76,799.49,154633.84,11021.67,11073.00,-26241.60,-6933.16,147640.78,39772.85,-22110.89,2130.29,7437.44,3405.70
16057,002405.SZ,软件开发,四维图新,145.06,64094.70,537973.47,93803.88,36795.14,20.74,38477.60,0.00,124.32,14.30,12208.64,6022.12,306003.17,122735.43,15296.79,37932.30,-11552.23,301516.87,12294.87,13599.53,386369.45,9126.60,284105.23,107615.47,-96068.48,168.81,62727.35,475708.78
16057,002410.SZ,软件开发,广联达,100.68,82394.23,404952.08,49463.46,7089.39,37.95,26797.43,0.00,62.73,37.69,66097.43,65112.81,561938.01,89262.79,158683.20,109895.74,-5303.53,490446.44,75841.01,74924.97,-77230.78,160135.08,634792.22,275223.42,-154138.25,1544.51,72043.26,-81949.52
16057,002439.SZ,软件开发,启明星辰,89.36,56881.82,135449.60,298429.63,47420.65,21.99,88545.19,1024.92,67.38,24.60,86153.11,76422.06,438603.08,149177.57,110231.57,21503.47,-1020.24,368655.57,93608.82,93820.71,-2117.03,31784.23,446873.97,157528.00,-10952.34,3564.76,46025.23,-22891.39
16057,002528.SZ,软件开发,英飞拓,60.83,9831.82,118112.38,146748.23,53410.72,37.62,116792.33,0.00,23.21,61.85,-143548.56,-150976.41,293566.20,232424.38,37022.00,36258.60,6023.12,333442.93,-142986.65,-142819.70,47301.56,11853.19,390574.26,54975.11,60991.44,135.24,4928.80,-23456.64
16057,002987.SZ,软件开发,京北方,24.18,6376.40,86120.50,77255.43,2330.25,4.45,283.33,0.07,19.73,18.41,23060.61,20925.92,305426.22,233416.57,6753.77,12013.74,-52.55,282367.43,23135.57,23060.07,23487.04,-4948.90,289348.13,259140.64,32320.93,1678.64,1361.14,-3885.00
16057,003007.SZ,软件开发,直真科技,10.12,13646.90,27213.69,19073.61,5011.35,1.96,11405.27,0.00,8.15,19.42,-7025.13,-8626.33,33435.98,19107.48,4223.34,4454.34,-229.04,41369.60,-7425.04,-7031.42,-17821.74,-4121.79,39538.17,20244.02,-9887.41,857.25,6583.02,-3765.05
16057,003029.SZ,软件开发,吉大正元,18.87,889.11,123289.69,35358.23,10763.23,4.75,17375.58,0.00,14.12,25.18,14607.79,13456.16,81617.58,34036.21,12946.87,8667.58,-1588.41,64773.73,16257.91,17528.22,7167.21,12603.17,82062.77,22891.92,-8252.43,0.00,8252.57,2816.47
16057,300033.SZ,软件开发,同花顺,85.01,40556.21,727478.16,4059.36,0.00,20.25,7910.73,0.00,64.77,23.81,191120.46,188610.10,350986.48,30131.77,33722.71,14573.71,-17343.85,146653.54,209566.38,208903.78,123281.94,212781.20,378820.24,119962.41,-23630.34,0.00,23634.64,-64609.05
16057,300036.SZ,软件开发,超图软件,48.23,14203.88,138702.39,74713.96,48729.91,16.51,26813.61,0.00,31.72,34.23,28759.45,26914.56,187509.41,79874.57,26769.66,23482.32,-988.81,152206.10,30663.11,31683.70,29247.01,18048.42,185256.00,85738.10,-61972.10,991.61,6835.62,73233.29
16057,300047.SZ,软件开发,天源迪科,62.96,29202.80,36922.97,173455.45,165483.77,27.67,15742.89,528.43,35.28,43.96,4009.60,4103.86,561422.36,486213.37,13465.08,14725.53,7545.65,550720.29,10392.51,10332.12,5483.32,12286.96,606529.26,101784.71,-17880.78,117.78,16552.06,10977.37
16057,300074.SZ,软件开发,华平股份,17.96,30788.29,18929.00,51292.28,10884.81,5.91,15313.46,0.00,12.05,32.90,909.17,-1884.45,44862.83,25554.49,6146.89,6081.04,-499.53,41731.64,943.02,953.81,-10184.02,3734.95,45263.63,10126.00,-9527.05,638.30,6280.96,-4391.92
16057,300075.SZ,软件开发,数字政通,43.65,10302.33,146126.35,127333.54,20409.11,8.73,43134.86,27.64,34.92,20.00,20671.54,18247.48,148060.87,91108.26,11301.34,13429.58,-1895.47,124904.19,23185.64,23446.99,-11766.84,10167.79,126254.06,51353.21,-26750.11,2213.93,8462.99,4815.49
16057,300085.SZ,软件开发,银之杰,16.30,1535.51,39986.58,25834.16,13618.70,6.48,5926.62,0.00,9.82,39.75,-28297.38,-29201.16,118813.76,94635.31,18811.26,7332.78,1496.48,130384.51,-28590.38,-28589.65,-9408.45,1843.45,133931.73,13503.85,-8558.41,236.00,2646.34,-2508.50
16057,300098.SZ,软件开发,高新兴,59.07,22168.95,65270.73,164701.91,69667.73,24.91,111250.05,0.00,34.16,42.17,4329.27,-7815.43,267294.13,192359.65,29633.71,21217.59,-4080.30,276100.08,1802.08,1919.02,-25937.67,18142.60,291271.08,63695.75,-9992.91,281.88,5278.75,-34042.38
16057,300188.SZ,软件开发,美亚柏科,48.95,45802.97,92298.07,84664.48,60602.16,13.31,40317.73,0.00,35.64,27.19,31070.56,27336.78,253519.55,105534.53,29277.13,35836.24,-756.15,216576.66,35500.16,35295.70,-10245.16,5940.13,231692.40,77800.87,-10717.79,628.11,28722.76,-5435.33
16057,300209.SZ,软件开发,天泽信息,12.76,8992.43,9489.74,20528.64,25701.37,8.77,23477.66,87.54,3.99,68.73,-267605.35,-268164.41,176397.58,163623.16,59157.78,18133.98,6020.06,251700.17,-271250.02,-272575.46,-8979.15,-3107.16,239853.51,28238.64,5758.55,0.00,1823.20,-8410.78
16057,300229.SZ,软件开发,拓尔思,37.26,29781.00,49135.73,29514.56,9368.33,11.48,21409.80,56.39,25.78,30.82,24574.51,20772.27,102871.20,38960.82,11831.56,15253.60,2015.11,78918.94,27434.28,27870.34,19020.05,18906.24,101462.76,26891.81,-75422.99,2715.35,47590.69,75564.70
16057,300235.SZ,软件开发,方直科技,6.85,8155.12,34546.72,2527.26,617.40,0.22,649.51,0.00,6.63,3.24,2286.88,1598.38,11148.90,3675.49,1760.83,1487.03,-681.32,9796.82,2605.71,2634.68,2595.65,2248.41,13660.11,4581.27,1284.62,495.28,202.62,-937.38
16057,300249.SZ,软件开发,依米康,28.69,18480.90,22200.74,78749.42,45118.57,20.92,68885.69,0.00,7.76,72.94,3020.01,2646.48,144895.43,119497.45,7963.23,8043.41,3407.54,145714.92,2231.03,1927.71,434.07,1010.29,118694.36,16108.88,609.61,0.00,5566.12,-1185.83
16057,300253.SZ,软件开发,卫宁健康,74.96,50198.12,160054.62,70764.78,13308.82,23.23,49512.01,0.00,51.73,30.99,37817.41,21190.32,275020.21,147552.93,38710.35,19884.93,3552.58,237889.32,37466.20,37316.81,60105.12,36806.42,251898.34,81869.67,-34274.06,439.99,28623.37,57572.76
16057,300302.SZ,软件开发,同有科技,18.12,10216.11,19127.13,23568.16,14108.05,3.10,2974.66,0.00,15.02,17.11,-1207.74,-2024.90,39090.87,20038.67,4230.77,5822.11,910.64,38350.09,-1901.14,-1911.25,971.71,11947.68,47913.88,9280.65,-8654.12,0.00,3300.30,-2294.35
16057,300311.SZ,软件开发,任子行,17.09,15948.55,19752.21,35243.13,33402.88,7.91,27574.65,0.00,9.18,46.30,-3852.31,-4595.09,69530.60,32625.34,13774.90,9951.43,-138.80,76627.02,-3060.06,-5328.62,-21248.37,-4874.33,103971.51,31915.36,-8864.54,299.92,4292.63,-7521.64
16057,300333.SZ,软件开发,兆日科技,8.84,10046.14,25597.38,2174.49,6152.87,0.44,122.03,0.00,8.39,5.03,2657.96,-5137.50,20032.72,7037.31,3514.31,2845.04,-988.37,22663.06,5411.13,5411.10,-337.27,-2970.23,22927.19,12237.76,5532.26,1543.21,114.31,-2880.00
16057,300344.SZ,软件开发,立方数科,8.89,225.46,12509.45,33185.48,6312.11,2.54,11089.30,0.00,6.35,28.55,2577.98,-872.60,55850.07,45717.39,2033.85,4875.46,1218.76,54462.55,2558.20,2613.67,10987.39,-31953.59,42274.56,7803.89,5797.91,0.58,1361.72,37143.60
16057,300348.SZ,软件开发,长亮科技,23.65,22272.88,57559.03,54644.18,51070.54,8.66,2468.54,0.00,14.98,36.64,12615.14,10613.83,157201.88,90939.48,13128.15,23563.19,1926.48,143816.47,13881.63,13889.31,7677.23,3343.72,158928.62,112545.29,-2648.04,25.00,5622.09,7504.16
16057,300352.SZ,软件开发,北信源,28.31,7972.12,5675.72,63204.94,62491.92,11.00,16924.47,58.43,17.30,38.87,-43973.02,-42971.54,67515.40,27538.90,18709.29,13185.97,551.01,76347.17,-53658.51,-53618.90,-28046.29,-11028.86,81824.81,21786.44,-26311.84,617.52,6150.27,9295.45
16057,300365.SZ,软件开发,恒华科技,29.13,5527.01,59243.43,127258.03,26110.08,6.50,7204.69,0.00,22.63,22.32,5792.22,4916.40,87217.68,56359.21,3076.34,6917.69,-346.08,74942.68,6343.50,6268.44,-28754.67,-37822.04,62348.78,24041.89,-696.16,1232.54,847.37,9010.69
16057,300366.SZ,软件开发,创意信息,37.74,4965.45,46578.98,131147.67,70292.43,15.16,64383.90,0.00,22.58,40.17,-2172.74,-3747.19,186687.67,145545.45,6223.16,14560.47,3585.59,188911.86,-4896.35,-4948.44,-1484.05,7302.13,192554.39,27291.22,-64035.59,204.54,12449.20,55265.64
16057,300369.SZ,软件开发,绿盟科技,47.65,24309.99,70297.35,67906.17,14765.27,11.29,38499.37,780.28,36.36,23.70,34454.17,23586.75,260899.51,100733.54,71212.98,16556.02,323.25,241990.16,38329.93,37593.92,6603.75,7587.18,246878.60,111225.41,30225.40,2419.90,17674.89,-31029.07
16057,300377.SZ,软件开发,赢时胜,33.31,73381.05,45115.23,78353.19,3227.42,3.47,260.65,41.09,29.84,10.42,26279.38,5288.38,102989.08,35004.19,3951.04,15490.01,-1009.28,99683.62,26436.41,26258.05,-5932.12,10613.30,101905.95,78820.44,-7769.14,29.76,6703.06,-8776.28
16057,300378.SZ,软件开发,鼎捷软件,26.38,75459.89,82511.33,15172.05,4473.52,9.61,12648.59,0.00,16.77,36.42,11219.21,9133.39,178813.93,60253.31,59500.25,23010.86,-59.35,167023.49,16001.02,15887.25,30442.53,31670.43,190507.50,100418.11,10260.82,1057.53,6071.98,-11351.33
16057,300379.SZ,软件开发,东方通,26.81,12988.76,32377.71,62774.87,8547.26,4.15,10428.10,0.00,22.65,15.49,24810.33,22122.97,86316.07,19884.69,18500.66,8797.22,-355.38,66966.23,26291.12,26187.25,-330.27,25540.22,93082.89,33189.96,-25901.53,205.50,12132.36,31.03
16057,300380.SZ,软件开发,安硕信息,8.26,3008.73,12506.08,7229.37,37267.87,3.28,612.45,0.00,4.98,39.68,1172.29,544.76,75518.00,49950.34,3144.71,6794.70,165.99,73537.01,1061.13,994.76,-6638.60,-9717.37,78861.74,76942.74,8266.36,195.23,1208.53,-5168.77
16057,300386.SZ,软件开发,飞天诚信,20.39,1406.12,72026.26,9267.99,32564.87,2.07,7884.85,0.00,18.32,10.13,-4887.12,-5774.58,77930.52,46648.73,10896.00,19599.74,-1797.68,84809.94,-6791.90,-6315.03,-5085.91,891.76,87351.50,28550.87,-2257.46,938.31,650.54,-3552.90
16057,300451.SZ,软件开发,创业慧康,56.10,26774.93,161915.47,125085.28,24050.50,10.10,48437.71,2072.75,45.99,18.01,41303.92,38733.21,189897.70,86933.83,15298.42,18745.32,-1960.17,141962.31,45227.39,45192.39,3363.16,17621.91,141369.71,54075.27,3353.24,1375.19,19056.96,-17612.00
16057,300454.SZ,软件开发,深信服,109.50,34784.08,57900.61,54838.96,35030.77,36.46,40445.11,0.00,73.05,33.29,27285.79,13099.78,680490.35,234838.15,231655.56,39152.39,-20146.12,700880.94,24915.19,25640.99,-1545.78,99144.08,820293.23,378540.20,-74106.46,20169.97,35004.27,-26266.19
16057,300465.SZ,软件开发,高伟达,15.05,850.32,37387.86,39177.91,44491.43,7.96,9188.81,2518.84,7.09,52.90,12398.71,11804.27,227896.46,189181.14,6333.60,7801.34,1754.41,214754.15,12828.46,13167.97,-12133.51,-8487.00,248023.78,77449.30,10109.44,104.41,716.99,-13753.99
16057,300468.SZ,软件开发,四方精创,12.99,35024.25,47507.92,23113.30,10389.84,1.06,134.76,0.00,11.93,8.15,6675.71,6266.09,64154.47,36636.18,1025.05,9966.58,895.09,57239.20,6882.14,7192.68,-3556.41,2582.61,63191.45,48707.92,-2140.97,263.93,5444.80,-3751.52
16057,300469.SZ,软件开发,信息发展,9.78,28560.90,10333.17,26559.84,6888.47,7.60,18077.21,0.00,2.18,77.73,-8051.98,-12608.18,42188.70,31780.21,4804.72,6627.45,1490.96,49536.78,-6003.41,-6125.90,223.32,3876.05,47057.34,16889.16,-2122.69,235.14,863.54,-1530.05
16057,300520.SZ,软件开发,科大国创,36.08,32912.58,76220.31,64178.72,24333.88,20.95,43066.68,0.00,15.12,58.08,10458.83,7509.83,171983.93,107795.64,15711.89,12349.10,910.48,161821.69,10756.30,10719.47,-866.27,-21750.50,154353.70,59756.14,-15592.59,194.28,7863.83,36689.46
16057,300525.SZ,软件开发,博思软件,25.28,17383.46,84839.38,56954.62,11254.85,6.63,21015.46,0.00,18.65,26.23,22909.47,21233.42,156410.37,54622.90,25304.34,23833.54,-36.93,129081.12,28384.47,28363.42,-10510.08,31000.39,164160.30,69701.69,-23735.84,352.56,14910.25,-17774.62
16057,300542.SZ,软件开发,新晨科技,11.11,6882.49,26757.42,31635.55,12897.47,5.09,14021.25,25.61,6.02,45.80,6358.22,6093.39,106110.09,78589.01,3622.96,7771.86,36.56,97902.75,7947.98,7936.28,-582.59,5948.14,110439.88,41467.54,-9672.56,0.00,529.18,3145.22
16057,300550.SZ,软件开发,和仁科技,15.20,7897.57,45559.98,24950.96,5894.85,3.59,17279.81,137.77,11.61,23.62,3480.73,2709.89,46419.97,30304.01,3001.83,3842.16,-290.30,42825.52,3537.45,3526.51,1889.35,-1783.08,39012.24,14912.31,11475.49,835.59,7640.57,-7803.06
16057,300552.SZ,软件开发,万集科技,33.22,24726.19,111456.32,97123.43,33585.29,5.92,28280.80,0.00,27.30,17.83,4258.81,2738.47,94485.34,48962.89,14522.72,8762.52,-391.12,96105.77,2729.70,2384.01,44366.32,22978.19,115621.82,33900.88,-4911.67,1255.92,6027.83,26300.07
16057,300556.SZ,软件开发,丝路视觉,16.85,3754.13,38961.76,50101.05,4922.22,8.97,30655.17,0.00,7.88,53.21,7183.86,6137.79,138893.23,94335.55,11957.36,12230.75,558.79,126697.98,7853.11,7794.32,103.04,12313.76,125728.90,45321.06,-2477.75,185.22,2233.45,-9739.04
16057,300559.SZ,软件开发,佳发教育,13.14,21897.17,51948.24,15256.07,8615.67,2.70,8644.87,0.00,10.44,20.57,8263.42,8132.67,36969.79,15656.56,5804.40,3693.44,-1801.89,28112.37,7835.41,7798.01,-13550.28,8034.38,44675.09,9116.61,-7577.74,231.61,8098.08,-14006.92
16057,300561.SZ,软件开发,汇金科技,7.37,32971.04,5007.30,7600.06,6158.15,0.78,5217.20,0.00,6.59,10.58,1418.31,722.15,16723.12,8498.53,3947.41,2033.25,-31.87,16940.35,1353.94,1350.56,-3313.37,-2131.15,17440.36,5312.79,1913.41,456.07,4351.29,-3095.63
16057,300579.SZ,软件开发,数字认证,16.16,2948.38,45716.53,36020.50,26080.69,7.54,11187.66,0.00,8.61,46.69,11602.79,10352.66,102627.28,44712.90,15681.87,10899.98,-185.76,90172.55,13217.32,13187.36,-26650.42,259.35,100855.26,44236.61,-23411.70,496.47,7010.47,-3498.07
16057,300588.SZ,软件开发,熙菱信息,9.95,334.33,27279.39,32218.10,8543.01,5.13,28853.16,0.00,4.83,51.50,-8545.86,-9209.56,14533.85,9775.77,4031.14,4902.64,-352.64,19971.33,-9118.74,-9133.26,18902.82,5433.09,39519.21,8527.02,-10962.54,15.36,781.33,24432.27
16057,300598.SZ,软件开发,诚迈科技,17.44,11868.02,29585.58,52744.73,6653.94,5.44,9671.19,0.00,12.00,31.21,2993.42,-1766.94,142443.55,110630.49,2877.79,6732.55,896.89,132372.15,4262.84,4029.95,11720.27,1935.40,139529.64,97063.34,-4151.07,0.00,3686.24,13888.85
16057,300605.SZ,软件开发,恒锋信息,10.90,7745.92,9513.40,27169.29,23107.75,5.70,16998.94,0.00,5.20,52.28,4704.42,4188.28,61234.37,46821.47,1474.60,3080.87,342.97,55960.78,5036.85,5026.09,-926.92,-6522.13,39969.86,7001.90,-756.54,44.76,551.61,6351.75
16057,300608.SZ,软件开发,思特奇,18.13,45528.16,41145.07,33011.44,29134.59,8.62,1356.97,0.00,9.52,47.53,6190.33,5481.56,90434.85,54138.10,10052.94,6134.94,3344.92,85034.69,6338.14,6377.72,3448.92,10490.79,91880.71,58985.01,-6602.06,0.00,6500.11,-435.99
16057,300624.SZ,软件开发,万兴科技,15.41,14322.64,45985.73,3492.11,0.00,6.61,464.23,0.00,8.79,42.93,2784.55,1051.04,102915.81,4648.06,48241.22,14645.05,1018.46,101637.72,4808.30,4791.97,33095.33,14198.84,101702.81,44980.29,-8135.51,1212.27,11716.60,27139.60
16057,300659.SZ,软件开发,中孚信息,21.75,7070.96,68287.67,54306.12,9624.79,5.00,19268.17,80.54,16.76,22.97,11687.29,9588.59,127004.33,45548.42,24331.48,17097.51,-372.06,120190.14,12719.73,12225.99,-8426.60,10010.53,127870.87,45479.76,-8537.80,1754.84,46435.50,-9899.33
16057,300663.SZ,软件开发,科蓝软件,22.87,3101.35,26073.92,81916.77,44194.48,11.19,6842.98,0.00,11.68,48.91,3736.54,3344.65,129846.44,84743.75,7356.66,12243.94,4226.69,120885.73,3345.46,3292.83,-18028.06,-7481.41,113147.79,104837.41,-5679.19,243.24,3841.96,-4787.36
16057,300730.SZ,软件开发,科创信息,8.30,7174.48,18959.19,23937.91,14656.92,3.24,9400.72,0.00,5.05,39.10,3855.20,2780.31,49677.80,34580.13,4039.67,3938.61,-93.67,47340.44,3804.79,3804.82,227.86,-3433.33,47276.36,17962.83,-138.13,0.00,1199.44,3799.33
16057,300768.SZ,软件开发,迪普科技,36.33,3635.98,302008.72,6121.80,20624.82,4.33,15156.38,0.00,32.00,11.92,30926.90,29538.72,103025.45,29415.95,28483.86,2926.24,-7596.43,77209.93,32510.19,32506.66,111690.56,29844.39,110526.20,37415.84,-9120.85,0.00,9039.54,90911.45
16057,300773.SZ,软件开发,拉卡拉,117.51,147411.74,656029.01,77718.51,1163.45,69.60,74933.18,0.00,47.91,59.23,108258.41,91583.04,661830.93,438175.95,53316.31,30913.42,-4078.45,546243.64,124664.93,122676.36,-93247.57,158402.09,738030.82,65885.58,-125811.57,320.99,77933.96,-125815.82
16057,300789.SZ,软件开发,唐源电气,10.67,3002.18,34208.54,22397.86,18584.36,2.57,8257.38,0.00,8.10,24.06,6653.08,5854.00,35184.15,17532.36,2865.59,3620.23,-333.02,29455.54,7446.27,7435.95,3170.56,6558.73,33799.11,8424.01,-2390.04,572.44,4312.48,-998.13
16057,300799.SZ,软件开发,左江科技,7.95,6308.62,27711.00,20800.12,12502.14,0.71,2276.27,0.00,7.25,8.87,566.50,243.69,11834.89,2888.92,459.36,2131.43,-292.86,11713.06,-251.69,-161.39,-5733.74,-5473.89,16558.11,9492.98,-1708.60,128.94,4837.54,1448.74
16057,300803.SZ,软件开发,指南针,20.46,32792.95,160748.95,894.31,104.31,7.64,3762.68,0.00,12.82,37.32,17619.67,16027.32,93242.10,11089.48,50127.24,6698.36,-2470.92,76897.70,19034.26,18967.49,40103.92,37304.89,114160.07,38038.11,-2455.22,0.00,1525.90,5254.24
16057,300810.SZ,软件开发,中科海讯,11.12,6285.37,32737.76,42765.46,14305.28,0.92,4352.95,0.00,10.20,8.29,1144.73,-376.47,20224.04,7437.06,632.57,3757.77,-485.91,16497.20,1086.63,1319.73,9326.69,-9352.23,9744.00,5938.37,19599.42,394.35,1034.21,-920.51
16057,300830.SZ,软件开发,金现代,13.15,6952.40,10600.55,52521.24,6747.96,1.30,3926.70,4.35,11.85,9.89,6578.21,4581.62,59944.78,34499.30,3340.73,7132.94,-102.55,52471.81,7238.98,7065.18,-39.64,5875.13,56623.40,38738.81,-4591.40,961.12,1354.76,-1323.37
16057,300845.SZ,软件开发,捷安高科,9.36,1178.29,40944.70,21627.24,9613.22,1.84,6538.31,0.00,7.51,19.71,3566.52,3298.93,26816.74,12651.33,4340.15,3816.51,-839.24,22905.90,4208.69,4272.00,-9620.51,763.51,26940.49,8104.41,-4373.37,0.00,4376.97,-6010.65
16057,300925.SZ,软件开发,法本信息,18.09,3298.81,49888.07,91668.91,989.48,5.58,1549.32,0.00,12.51,30.85,13525.32,11353.28,308822.75,227311.44,8377.49,37444.50,57.52,293866.44,13639.74,13580.89,-37430.67,-6374.20,288554.23,262280.61,-25569.04,814.61,5829.94,-5478.73
16057,300935.SZ,软件开发,盈建科,10.80,442.60,88025.96,11957.59,88.78,0.87,961.89,0.00,9.94,8.02,6002.87,4145.44,23079.61,1852.49,9307.54,3251.76,-480.02,19004.68,6425.82,6612.82,67529.40,942.92,17280.63,10161.93,-1959.50,1669.74,1929.25,68545.99
16057,300996.SZ,软件开发,普联软件,11.26,768.38,37155.88,22847.21,4297.31,1.98,5550.38,0.00,9.28,17.59,13857.56,12636.80,58193.25,31179.48,1546.94,4677.47,-99.85,45048.25,14827.93,14821.90,28834.95,16417.26,58242.09,28776.14,-24627.44,720.87,3803.40,37098.50
16057,301117.SZ,软件开发,佳缘科技,4.63,333.57,6210.54,25974.17,10165.77,1.66,4848.86,0.00,2.97,35.83,9250.09,8850.87,31684.05,14760.37,660.03,1419.94,209.78,20209.10,10342.58,10642.02,-1875.62,-5019.53,21562.33,2644.25,-297.46,0.00,297.46,3441.37
16057,301159.SZ,软件开发,三维天地,10.31,750.75,67098.57,21123.96,6671.58,1.35,1188.77,0.00,8.96,13.12,5519.10,5146.93,31980.53,15606.56,2329.16,4007.45,21.59,26300.21,5951.03,5955.12,48894.11,-3310.82,25152.22,20404.34,-502.21,0.00,502.21,52710.21
16057,301162.SZ,软件开发,国能日新,4.32,779.74,8269.56,17371.93,6815.14,1.85,9821.55,0.00,2.46,42.90,5917.58,5732.93,30015.09,10989.27,6551.09,1799.25,-16.13,23615.46,6513.41,6519.47,6012.75,4443.94,22050.70,9259.86,2319.29,209.60,413.30,-750.48
16057,301178.SZ,软件开发,天亿马,10.08,435.04,65329.85,18039.43,5524.11,1.90,7737.61,0.00,8.18,18.82,5565.71,5194.85,46712.92,34947.16,1866.22,1617.56,-331.74,39996.72,5913.94,6271.50,47538.52,-3365.46,44946.99,3403.85,-19.36,0.00,19.36,50921.00
16057,301179.SZ,软件开发,泽宇智能,26.43,2084.44,5414.70,4598.45,44376.61,6.39,5797.01,0.00,20.04,24.18,18597.04,17040.64,70335.00,40305.23,3255.23,3206.24,-321.49,49377.78,22274.35,22262.73,-13767.28,16130.65,69082.73,5870.00,-164309.91,939.38,2167.30,134411.98
16057,301185.SZ,软件开发,鸥玛软件,10.77,4613.58,80010.25,4076.49,696.79,1.24,9810.39,0.00,9.52,11.53,8071.93,7590.72,20978.10,7305.91,380.57,2635.46,-482.72,12592.89,8812.04,8809.75,43210.09,5821.99,18858.54,5827.74,-4452.76,0.00,4452.76,41840.86
16057,301213.SZ,软件开发,观想科技,9.37,637.72,62290.73,23566.49,3648.48,1.21,2760.77,0.00,8.16,12.91,5829.10,5207.47,15735.11,5115.29,409.24,1773.20,-11.94,8948.26,6476.24,6741.70,59621.03,-1979.78,10099.41,3406.19,-536.64,0.00,536.64,62137.45
16057,301218.SZ,软件开发,华是科技,7.30,5184.91,11718.52,28685.68,18906.90,3.85,19941.71,23.38,3.44,52.81,5999.76,4813.61,52437.01,38764.69,975.32,3619.00,-94.56,46355.56,7153.78,7101.52,2352.55,1514.04,48188.37,5046.08,1020.21,44.79,274.58,-181.70
16057,301221.SZ,软件开发,光庭信息,21.54,14889.00,160974.19,16796.23,1779.02,1.63,7383.88,0.00,19.91,7.57,7325.91,6354.67,43219.70,23845.33,2491.38,4596.40,893.85,35456.20,8226.88,8406.89,138349.22,2454.74,37402.89,26216.93,-12053.71,159.21,12215.96,149055.04
16057,301236.SZ,软件开发,软通动力,105.23,73030.28,299481.99,464628.49,69306.02,54.97,9997.57,0.00,50.26,52.24,94477.92,86839.09,1662320.87,1252241.20,57750.17,141445.43,12968.25,1575789.90,101301.11,101829.48,12882.78,64720.68,1661294.76,1396991.64,-22026.67,0.00,28267.01,-29199.52
16057,301248.SZ,软件开发,杰创智能,15.26,1116.77,21371.06,27980.99,49195.61,9.03,31009.77,0.00,6.24,59.14,10515.15,9003.91,94028.50,67843.58,4348.73,3866.48,22.83,82544.88,11765.15,11936.46,-16097.63,-3135.42,74511.43,11489.83,-22506.38,233.95,15990.33,9544.17
16057,600570.SH,软件开发,恒生电子,120.80,167951.55,172770.48,76291.62,46699.22,58.65,50375.87,228.37,62.15,48.55,146353.89,94656.97,549657.86,148460.25,55793.50,68145.35,-90.60,492277.46,151055.01,150972.26,35340.55,95678.93,584484.47,352329.27,-42342.60,9127.28,68412.67,-17408.29
16057,600588.SH,软件开发,用友网络,173.29,247292.32,461601.56,127971.66,40703.28,94.03,65432.88,1817.48,79.26,54.26,70776.29,40509.52,893179.79,346119.86,202749.97,107150.68,7865.59,845555.14,77874.21,77402.12,-51634.86,130362.67,879053.28,478412.77,-123005.67,3117.26,102967.00,-58777.78
16057,600602.SH,软件开发,云赛智联,69.32,19471.37,357326.06,71600.64,95714.11,22.50,69561.44,476.70,46.82,32.45,25669.88,15448.13,499297.66,391707.56,21823.26,28174.45,-8213.90,472468.57,28473.09,31194.49,-10650.52,15613.39,535936.17,65478.65,-30279.09,3853.82,25845.17,4017.58
16057,600654.SH,软件开发,*ST中安,40.23,49601.36,50744.44,71187.81,9855.39,54.68,67019.69,18.47,-14.45,135.92,-149606.94,-96626.12,251999.11,216600.53,4798.73,34527.66,20467.63,283049.59,-92364.61,-150396.24,774.73,-9889.38,277626.51,142723.67,-4412.79,5.04,3170.30,17096.08
16057,601360.SH,软件开发,三六零,420.39,139208.30,1924565.60,222071.10,67529.30,70.80,213601.30,0.00,349.60,16.84,90223.90,60830.40,1088583.20,410497.90,223337.10,77050.70,-68595.50,962620.50,115805.00,123096.40,-282237.80,16558.20,1219827.00,399431.00,-31844.50,88507.80,38443.80,-266933.50
16057,601519.SH,软件开发,大智慧,23.28,2839.26,161630.30,6820.26,15.86,7.52,15618.96,101.03,15.76,32.29,1604.95,753.37,81866.16,27890.43,14511.91,21183.40,-2997.76,80328.28,2601.71,2614.72,50945.68,15140.70,86205.47,34312.34,24157.47,396.22,2258.97,12783.10
16057,603039.SH,软件开发,ST泛微,33.77,7691.16,198452.46,17395.49,5557.12,14.97,45861.98,0.00,18.80,44.34,30869.87,20686.83,200286.32,9081.66,137989.58,9108.85,-5283.72,176562.70,32687.92,33496.97,-7786.56,37244.41,225147.03,37492.69,-40171.05,263.78,8007.79,-4853.09
16057,603138.SH,软件开发,海量数据,10.94,754.62,85931.06,12392.32,2076.92,1.70,3429.63,0.00,9.24,15.53,1127.33,635.03,42061.37,27187.44,4920.40,2862.53,-715.14,41793.55,745.79,759.76,39986.69,-1792.19,36136.55,10768.79,-99.50,350.71,455.25,41878.49
16057,603189.SH,软件开发,网达软件,18.74,9658.37,56921.05,23717.48,3361.27,1.81,5587.58,0.00,16.93,9.66,6555.78,5267.09,36224.79,19149.13,1671.49,3674.99,-9.11,30181.16,6984.68,6976.28,44808.32,-3543.13,25941.82,20526.07,-22850.21,1447.98,17255.51,71216.65
16057,603206.SH,软件开发,嘉环科技,28.70,7708.05,34672.66,99363.41,114697.09,19.69,137340.47,34.13,9.01,68.61,21039.72,19285.82,355474.92,298666.54,4279.28,13805.92,1279.82,330933.52,23769.88,23733.74,-5019.42,-5118.28,331364.49,91430.83,-1963.32,0.00,1971.13,2062.17
16057,603232.SH,软件开发,格尔软件,19.04,13381.22,9339.90,22205.31,33957.41,5.08,7681.36,0.00,13.96,26.67,7970.83,3325.85,61107.17,29502.77,6122.26,11232.11,-203.36,57837.35,9028.50,9101.17,-21680.03,-1261.76,83894.82,19285.22,-18101.05,3582.94,10084.30,-2317.22
16057,603383.SH,软件开发,顶点软件,16.31,10021.66,96792.98,2756.49,11717.13,3.69,424.15,0.00,12.62,22.65,13742.57,12491.08,50293.09,15423.63,4587.54,6914.62,-1416.45,38518.89,14847.85,14800.11,33704.82,14686.89,56941.18,30165.27,22130.45,1369.87,1179.99,-3112.51
16057,603508.SH,软件开发,思维列控,46.30,21209.92,145970.99,62370.59,30621.94,3.47,11862.82,0.00,42.83,7.49,38549.55,36753.05,106449.53,41538.39,5356.56,9088.22,-5209.04,63697.36,46282.17,46173.88,1071.52,6532.41,74425.74,16702.99,3576.36,413.94,4059.61,-9036.90
16057,603528.SH,软件开发,多伦科技,29.42,42682.11,61308.78,39291.55,22711.74,12.45,18613.32,0.00,16.98,42.30,-17149.70,-18654.72,71466.13,43212.28,8734.67,11190.36,3544.74,73001.39,-18301.38,-18292.46,-43160.51,12439.23,72533.91,21528.88,-49449.85,1220.07,11685.09,-6149.89
16057,603859.SH,软件开发,能科科技,28.79,11883.56,56474.79,75442.65,15484.98,4.83,18935.43,0.00,23.96,16.76,15944.04,15619.53,114085.36,68531.61,6526.97,8669.81,981.21,96743.99,18754.26,18240.96,34797.05,4946.49,96038.42,13054.36,-42600.74,67.95,22378.92,72604.17
16057,603927.SH,软件开发,中科软,68.82,14367.40,334342.22,101321.85,52413.38,42.66,148737.23,0.00,26.16,61.98,57747.77,55371.09,628148.71,442731.11,31370.80,7995.82,-2128.31,567700.61,59059.45,59611.89,1201.01,34152.69,664413.59,344167.69,-7215.71,606.65,7751.28,-25661.28
16057,603990.SH,软件开发,麦迪科技,13.12,20637.71,32012.91,25038.37,3640.10,2.16,4349.21,0.00,10.96,16.45,4195.34,3306.06,35384.65,10685.92,7938.07,6781.35,183.26,30912.94,5138.60,5133.62,-58545.03,3603.73,36607.92,13918.76,-46724.42,519.18,4098.90,-15424.35
16057,688023.SH,软件开发,安恒信息,48.52,43963.88,201372.44,46795.29,19315.32,17.42,25493.74,0.00,31.10,35.91,1380.65,-7959.46,182032.81,65601.85,63578.42,16582.70,-509.61,200612.86,-4083.72,-4411.15,68928.98,-6129.86,178988.16,110408.70,-125560.24,403.01,28251.31,200619.08
16057,688030.SH,软件开发,山石网科,19.44,24921.91,46961.14,62968.99,13286.65,4.37,11582.52,0.00,15.06,22.49,7552.61,5405.77,102694.81,27475.81,34489.38,6766.74,-121.49,99391.97,5972.65,5927.53,-30228.38,-11905.34,82825.46,49630.89,-14548.42,673.15,8225.02,-3737.76
16057,688038.SH,软件开发,中科通达,12.01,767.60,13417.13,34478.16,2799.28,4.61,15843.43,0.00,7.40,38.37,3662.64,2934.76,42790.57,30722.53,1935.89,2762.91,-237.09,38683.03,3999.25,3999.93,4672.47,-11241.52,26397.91,7402.19,-5133.72,406.76,421.68,21047.71
16057,688058.SH,软件开发,宝兰德,9.92,5489.28,66261.50,20397.73,299.55,0.40,434.26,0.00,9.53,3.99,2682.06,1320.15,19983.95,1377.45,9196.45,2516.64,-712.84,19420.41,2065.48,2419.43,19478.61,-623.99,18876.77,14068.60,26343.62,802.73,6652.82,-6241.02
16057,688060.SH,软件开发,云涌科技,10.37,7337.33,8348.52,25145.89,11626.47,0.64,4291.97,0.00,9.73,6.18,5249.96,4762.56,30917.92,19435.76,1344.24,1684.90,-114.01,27562.26,5347.65,5800.72,-25956.99,-8263.90,25433.27,5398.01,-15282.79,1729.34,4446.74,-2410.29
16057,688078.SH,软件开发,龙软科技,6.90,4697.45,24814.55,28655.49,3122.21,1.23,5030.36,0.00,5.67,17.86,6307.81,5937.12,29086.71,14084.89,1890.68,2287.30,-409.31,21809.13,6813.31,7058.08,-5544.27,-1160.43,13312.21,8797.46,-4006.25,28.99,3837.37,-377.59
16057,688083.SH,软件开发,中望软件,31.17,6308.86,51405.88,10179.93,235.16,3.05,1480.27,0.00,28.12,9.78,18165.02,9940.38,61868.07,1314.91,26694.41,5618.10,-100.52,54659.83,20199.62,20158.84,3886.67,18736.92,67839.45,33659.81,-226242.99,4169.02,27378.21,211614.87
16057,688095.SH,软件开发,福昕软件,31.74,4778.26,67498.56,6126.74,0.00,3.27,141.48,0.00,28.47,10.30,4623.54,-2219.36,54112.13,1856.89,29014.44,9461.58,475.84,55834.39,5230.78,5186.48,-41780.13,5157.83,57940.49,29715.55,-21500.23,6249.32,4573.24,-24286.28
16057,688109.SH,软件开发,品茗股份,10.33,653.55,18329.70,13996.96,2373.99,1.24,2757.28,0.00,9.10,11.96,6267.95,4461.73,47549.56,10608.93,16057.59,5632.95,-359.78,44406.52,6120.88,6269.48,4526.13,-2479.29,42246.66,24832.55,-48369.85,619.89,1001.74,55375.27
16057,688111.SH,软件开发,金山办公,104.26,8834.21,125395.86,41153.13,229.67,26.45,21219.66,0.00,77.80,25.37,104125.39,84042.40,328005.88,42935.28,69497.02,32600.32,-1716.99,254996.04,112129.60,111871.09,25124.93,186430.05,416733.78,134375.52,-136390.58,20689.45,14884.58,-24733.30
16057,688118.SH,软件开发,普元信息,10.79,777.56,54992.88,19205.70,2567.46,1.54,2937.97,0.00,9.25,14.29,3912.63,1465.39,43642.93,19751.80,10780.43,3503.43,-190.86,41691.71,4126.17,4130.57,14557.27,6679.40,47970.02,29653.37,17938.12,1601.91,175.80,-10060.26
16057,688168.SH,软件开发,安博通,12.37,5273.80,68375.87,24083.96,3672.85,1.46,2778.24,0.00,10.91,11.83,7219.37,6302.12,39142.29,15455.84,5907.36,4809.28,-600.87,35262.90,8200.41,8213.15,13060.84,1913.95,41351.53,9309.08,12987.57,927.05,2385.48,-1845.14
16057,688171.SH,软件开发,纬德信息,3.48,95.15,14529.57,13828.94,1843.98,0.60,4774.70,0.00,2.88,17.24,5545.20,5186.43,17756.11,8158.35,1397.48,583.15,-198.81,12213.03,5893.40,6042.50,1031.37,2107.06,13495.53,2306.15,-235.23,0.00,1211.54,-840.45
16057,688188.SH,软件开发,柏楚电子,31.49,1641.74,251667.31,3275.13,13716.80,1.49,2779.58,0.00,29.99,4.75,55019.87,54363.77,91343.97,18000.89,4230.19,6043.78,-3249.51,39686.48,60451.44,61352.13,203087.03,49873.50,105474.92,14582.08,165491.93,3301.28,16345.35,-12278.10
16057,688201.SH,软件开发,信安世纪,12.09,45582.27,10579.07,24374.21,6521.18,1.82,6323.70,0.00,10.26,15.08,15412.69,14296.75,52460.44,14627.32,9550.54,4136.99,-272.72,38613.56,15847.30,15822.63,2289.52,9393.55,48429.28,19633.01,-57516.90,448.89,44951.02,50413.64
16057,688207.SH,软件开发,格灵深瞳,7.79,543.09,21911.35,22563.31,2700.67,1.61,5194.09,0.00,6.18,20.69,-6841.77,-6510.88,29356.23,13025.82,7366.65,4480.71,-371.55,36914.49,-6846.51,-6871.30,-9725.80,-8590.36,17192.08,11199.60,-833.23,0.00,833.23,-301.31
16057,688225.SH,软件开发,亚信安全,24.90,4053.59,126130.77,27961.06,26279.45,10.29,16224.53,0.00,14.61,41.33,17868.52,9499.55,166746.80,77794.54,37533.64,14736.23,475.54,154773.64,21226.19,21227.03,3643.74,14364.84,156501.85,85759.28,-7561.90,2618.74,5219.77,-3134.05
16057,688227.SH,软件开发,品高股份,19.44,4026.73,116535.82,31547.34,18958.43,5.44,7555.74,0.00,14.00,28.00,5561.89,4873.17,47100.38,25175.51,2869.77,6151.79,857.72,39874.02,5745.31,5723.82,104263.41,6450.28,45253.48,19430.92,-2951.60,0.00,3041.55,100764.72
16057,688232.SH,软件开发,新点软件,64.69,27191.92,100434.24,111627.06,45514.52,12.61,22706.74,0.00,52.08,19.50,50410.35,49659.00,279443.86,95159.47,60073.78,22953.69,-504.86,229079.84,54463.43,55865.78,57697.64,19401.03,259389.31,125337.70,-343741.64,193.46,7785.76,382038.24
16057,688296.SH,软件开发,和达科技,9.52,594.98,46190.32,24972.83,8489.85,2.20,9046.04,0.00,7.32,23.08,10021.82,8196.71,50728.44,28009.96,4889.27,2930.82,-537.22,42134.79,11025.65,10982.15,23449.26,445.24,41011.52,13310.76,-2520.89,8.00,2597.37,25524.92
16057,688318.SH,软件开发,财富趋势,32.74,1011.36,55722.42,1636.82,38.12,1.69,212.11,26.81,31.05,5.15,28169.59,23723.23,32631.77,4376.86,679.02,810.90,-4893.24,6671.97,32976.87,32674.17,-21235.15,24524.59,37737.55,5781.99,-38858.72,258.37,227.40,-6788.30
16057,688327.SH,软件开发,云从科技,23.13,9192.21,85204.30,35303.72,21767.11,12.98,27836.15,0.00,10.14,56.14,-63212.84,-75302.68,107550.01,67743.14,28015.65,32586.01,363.42,182492.44,-66136.53,-66127.70,-17606.56,-54679.75,84232.11,62447.02,27878.88,1726.14,4869.38,9195.03
16057,688369.SH,软件开发,致远互联,20.70,9554.64,127330.45,18172.48,659.39,6.23,11734.85,0.00,14.47,30.11,12878.94,12037.09,103122.93,28574.47,40160.25,7940.35,-2328.95,93346.32,13746.24,13994.64,-30091.10,13545.49,102219.91,59353.25,-37798.83,0.00,10115.12,-5837.75
16057,688555.SH,软件开发,泽达易盛,11.76,5757.94,22621.38,17346.10,16322.76,3.23,7429.75,0.00,8.53,27.44,4607.42,3938.82,32901.68,18616.30,1409.20,2341.15,-224.17,27251.60,5264.78,4740.99,-7199.64,-6604.27,28560.73,5240.93,-9649.62,650.97,29004.94,9056.00
16057,688561.SH,软件开发,奇安信,134.83,126065.02,297341.47,348016.38,81493.31,35.72,142258.48,0.00,99.11,26.50,-55474.96,-78816.25,580907.56,232289.46,176101.06,65211.22,-1638.77,651610.12,-55605.59,-55460.92,-231648.27,-130196.11,451422.36,292616.30,-80605.02,991.36,24998.24,-20847.14
16057,688579.SH,软件开发,山大地纬,17.21,60376.81,49404.10,16049.75,1699.78,4.48,25341.27,0.00,12.73,26.03,10310.01,8547.48,63750.99,33130.42,4296.79,6846.70,-682.02,54269.61,10229.72,10769.21,38441.48,9541.49,57811.15,23246.63,32925.27,278.66,13383.93,-4025.29
16057,688588.SH,软件开发,凌志软件,13.78,19450.87,51387.81,9353.22,388.21,1.04,1439.78,0.00,12.74,7.56,14599.31,10779.69,65266.33,35238.69,2545.81,4007.22,5749.65,54152.36,17060.34,16961.13,5833.89,12698.35,67574.76,37640.37,5726.87,2745.21,1077.01,-8505.93
16057,688590.SH,软件开发,新致软件,19.92,7557.25,48769.49,82731.41,23521.53,7.08,654.09,0.00,12.84,35.55,14121.80,6622.10,128248.04,87717.46,8069.80,9995.39,2091.88,120773.52,16885.47,16741.79,-36861.33,-1060.90,125479.57,100874.70,-12454.07,195.85,3832.64,-23303.45
16057,688777.SH,软件开发,中控技术,103.47,24548.03,139219.00,104419.52,303464.01,57.66,177434.83,24.89,45.81,55.73,58166.48,44944.42,451941.25,274320.89,53516.60,30000.00,-1033.09,410301.71,63895.32,63357.60,5147.61,14053.05,383477.48,116037.22,-6207.36,8691.30,11839.26,-2488.55
